{
  "codeSystems" : [
    {
      "url" : "http://hl7.org/fhir/address-type",
      "version" : "4.0.1",
      "status" : "active",
      "name" : "AddressType",
      "title" : "AddressType",
      "description" : "The type of an address (physical / postal).",
      "oids" : ["2.16.840.1.113883.4.642.4.70"],
      "uses" : {
      },
      "http://hl7.org/fhir/R4/valueset-address-type.html" : "AddressType"
    },
    {
      "url" : "http://hl7.org/fhir/address-use",
      "version" : "4.0.1",
      "status" : "active",
      "name" : "AddressUse",
      "title" : "AddressUse",
      "description" : "The use of an address.",
      "oids" : ["2.16.840.1.113883.4.642.4.68"],
      "uses" : {
      },
      "http://hl7.org/fhir/R4/valueset-address-use.html" : "AddressUse"
    },
    {
      "url" : "http://hl7.org/fhir/administrative-gender",
      "version" : "4.0.1",
      "status" : "active",
      "name" : "AdministrativeGender",
      "title" : "AdministrativeGender",
      "description" : "The gender of a person used for administrative purposes.",
      "oids" : ["2.16.840.1.113883.4.642.4.2"],
      "uses" : {
      },
      "http://hl7.org/fhir/R4/valueset-administrative-gender.html" : "AdministrativeGender"
    },
    {
      "url" : "http://hl7.org/fhir/contact-point-system",
      "version" : "4.0.1",
      "status" : "active",
      "name" : "ContactPointSystem",
      "title" : "ContactPointSystem",
      "description" : "Telecommunications form for contact point.",
      "oids" : ["2.16.840.1.113883.4.642.4.72"],
      "uses" : {
      },
      "http://hl7.org/fhir/R4/valueset-contact-point-system.html" : "ContactPointSystem"
    },
    {
      "url" : "http://hl7.org/fhir/contact-point-use",
      "version" : "4.0.1",
      "status" : "active",
      "name" : "ContactPointUse",
      "title" : "ContactPointUse",
      "description" : "Use of contact point.",
      "oids" : ["2.16.840.1.113883.4.642.4.74"],
      "uses" : {
      },
      "http://hl7.org/fhir/R4/valueset-contact-point-use.html" : "ContactPointUse"
    },
    {
      "url" : "http://hl7.org/fhir/identifier-use",
      "version" : "4.0.1",
      "status" : "active",
      "name" : "IdentifierUse",
      "title" : "IdentifierUse",
      "description" : "Identifies the purpose for this identifier, if known .",
      "oids" : ["2.16.840.1.113883.4.642.4.58"],
      "uses" : {
      },
      "http://hl7.org/fhir/R4/valueset-identifier-use.html" : "IdentifierUse"
    },
    {
      "url" : "http://hl7.org/fhir/link-type",
      "version" : "4.0.1",
      "status" : "active",
      "name" : "LinkType",
      "title" : "LinkType",
      "description" : "The type of link between this patient resource and another patient resource.",
      "oids" : ["2.16.840.1.113883.4.642.4.424"],
      "uses" : {
      },
      "http://hl7.org/fhir/R4/valueset-link-type.html" : "LinkType"
    },
    {
      "url" : "http://hl7.org/fhir/name-use",
      "version" : "4.0.1",
      "status" : "active",
      "name" : "NameUse",
      "title" : "NameUse",
      "description" : "The use of a human name.",
      "oids" : ["2.16.840.1.113883.4.642.4.66"],
      "uses" : {
      },
      "http://hl7.org/fhir/R4/valueset-name-use.html" : "NameUse"
    },
    {
      "url" : "http://hl7.org/fhir/resource-types",
      "version" : "4.0.1",
      "status" : "active",
      "name" : "ResourceType",
      "title" : "ResourceType",
      "description" : "One of the resource types defined as part of this version of FHIR.",
      "uses" : {
      },
      "http://hl7.org/fhir/R4/valueset-resource-types.html" : "ResourceType"
    },
    {
      "url" : "http://terminology.hl7.org/CodeSystem/v2-0131",
      "version" : "2.1.0",
      "status" : "active",
      "name" : "ContactRole2",
      "title" : "contactRole2",
      "description" : "Code system of concepts which specify a relationship role that the next of kin/associated parties plays with regard to the patient. Also used in referrals, for example, it may be necessary to identify the contact representative at the clinic that sent a referral. Used in HL7 Version 2 messaging in the NK1 and CTD segments after 2.5, when it replace 2.16.840.1.113883.18.57.",
      "oids" : ["2.16.840.1.113883.18.58"],
      "uses" : {
      },
      "http://hl7.org/fhir/R4/valueset-patient-contactrelationship.html" : "Patient Contact Relationship "
    },
    {
      "url" : "http://terminology.hl7.org/CodeSystem/v3-AdministrativeGender",
      "version" : "2.1.0",
      "status" : "active",
      "name" : "AdministrativeGender",
      "title" : "AdministrativeGender",
      "description" : "The gender of a person used for adminstrative purposes (as opposed to clinical gender)",
      "oids" : ["2.16.840.1.113883.5.1"],
      "uses" : {
      },
      "http://terminology.hl7.org/5.2.0/ValueSet-v3-AdministrativeGender.html" : "AdministrativeGender"
    },
    {
      "url" : "http://terminology.hl7.org/CodeSystem/v3-EntityClass",
      "version" : "2.1.0",
      "status" : "active",
      "name" : "EntityClass",
      "title" : "EntityClass",
      "description" : "Classifies the Entity class and all of its subclasses. The terminology is hierarchical. At the top is this HL7-defined domain of high-level categories (such as represented by the Entity subclasses). Each of these terms must be harmonized and is specializable. The value sets beneath are drawn from multiple, frequently external, domains that reflect much more fine-grained typing.",
      "oids" : ["2.16.840.1.113883.5.41"],
      "uses" : {
      },
      "http://terminology.hl7.org/5.2.0/ValueSet-v3-EntityClassLivingSubject.html" : "EntityClassLivingSubject"
    },
    {
      "url" : "http://terminology.hl7.org/CodeSystem/v3-EntityDeterminer",
      "version" : "2.1.0",
      "status" : "active",
      "name" : "EntityDeterminer",
      "title" : "EntityDeterminer",
      "description" : "EntityDeterminer in natural language grammar is the class of words that comprises articles, demonstrative pronouns, and quantifiers. In the RIM, determiner is a structural code in the Entity class to distinguish whether any given Entity object stands for some, any one, or a specific thing.",
      "oids" : ["2.16.840.1.113883.5.30"],
      "uses" : {
      },
      "http://terminology.hl7.org/5.2.0/ValueSet-v3-EntityDeterminer.html" : "EntityDeterminer"
    },
    {
      "url" : "http://terminology.hl7.org/CodeSystem/v3-Ethnicity",
      "version" : "3.0.0",
      "status" : "active",
      "name" : "Ethnicity",
      "title" : "Ethnicity",
      "description" : "**Deprecation Information:** Deprecated due to UP-265. This code system in NOT the acknowledged source of truth for Ethnicity concepts and codes. It should no longer be used. https://terminology.hl7.org/CodeSystem-CDCREC.html should be used in its place. In the United States, federal standards for classifying data on ethnicity determine the categories used by federal agencies and exert a strong influence on categorization by state and local agencies and private sector organizations. The federal standards do not conceptually define ethnicity, and they recognize the absence of an anthropological or scientific basis for ethnicity classification. Instead, the federal standards acknowledge that ethnicity is a social-political construct in which an individual's own identification with a particular ethnicity is preferred to observer identification. The standards specify two minimum ethnicity categories: Hispanic or Latino, and Not Hispanic or Latino. The standards define a Hispanic or Latino as a person of \"Mexican, Puerto Rican, Cuban, South or Central America, or other Spanish culture or origin, regardless of race.\" The standards stipulate that ethnicity data need not be limited to the two minimum categories, but any expansion must be collapsible to those categories. In addition, the standards stipulate that an individual can be Hispanic or Latino or can be Not Hispanic or Latino, but cannot be both.",
      "oids" : ["2.16.840.1.113883.5.50"],
      "uses" : {
      },
      "http://terminology.hl7.org/5.2.0/ValueSet-v3-Ethnicity.html" : "Ethnicity"
    },
    {
      "url" : "http://terminology.hl7.org/CodeSystem/v3-MaritalStatus",
      "version" : "2.1.0",
      "status" : "active",
      "name" : "MaritalStatus",
      "title" : "MaritalStatus",
      "description" : "\\* \\* \\* No description supplied \\* \\* \\*\r\n\r\n*Open Issue:* The specific meanings of these codes can vary somewhat by jurisdiction and implementation so caution should be used when determining equivalency.\r\n\r\n*Open Issue:* fixing and completion of the hierarchy and proper good definitions of all the concepts is badly needed.",
      "oids" : ["2.16.840.1.113883.5.2"],
      "uses" : {
      },
      "http://terminology.hl7.org/5.2.0/ValueSet-v3-MaritalStatus.html" : "MaritalStatus",
      "http://hl7.org/fhir/R4/valueset-marital-status.html" : "MaritalStatus"
    },
    {
      "url" : "http://terminology.hl7.org/CodeSystem/v3-NullFlavor",
      "version" : "2.1.0",
      "status" : "active",
      "name" : "NullFlavor",
      "title" : "NullFlavor",
      "description" : "A collection of codes specifying why a valid value is not present.",
      "oids" : ["2.16.840.1.113883.5.1008"],
      "uses" : {
      },
      "http://hl7.org/cda/stds/core/2.0.0-sd-snapshot1/ValueSet-CDANullFlavor.html" : "CDANullFlavor",
      "http://hl7.org/fhir/R4/valueset-marital-status.html" : "MaritalStatus"
    },
    {
      "url" : "http://terminology.hl7.org/CodeSystem/v3-Race",
      "version" : "3.0.0",
      "status" : "active",
      "name" : "Race",
      "title" : "Race",
      "description" : "**Deprecation Information:** Deprecated per UP-263. This code system is NOT the acknowledged source of truth for Race concepts and codes. It should no longer be used. https://terminology.hl7.org/CodeSystem-CDCREC.html should be used in its place. In the United States, federal standards for classifying data on race determine the categories used by federal agencies and exert a strong influence on categorization by state and local agencies and private sector organizations. The federal standards do not conceptually define race, and they recognize the absence of an anthropological or scientific basis for racial classification. Instead, the federal standards acknowledge that race is a social-political construct in which an individual's own identification with one more race categories is preferred to observer identification. The standards use a variety of features to define five minimum race categories. Among these features are descent from \"the original peoples\" of a specified region or nation. The minimum race categories are American Indian or Alaska Native, Asian, Black or African American, Native Hawaiian or Other Pacific Islander, and White. The federal standards stipulate that race data need not be limited to the five minimum categories, but any expansion must be collapsible to those categories.",
      "oids" : ["2.16.840.1.113883.5.104"],
      "uses" : {
      },
      "http://terminology.hl7.org/5.2.0/ValueSet-v3-Race.html" : "Race"
    },
    {
      "url" : "http://terminology.hl7.org/CodeSystem/v3-ReligiousAffiliation",
      "version" : "2.1.0",
      "status" : "active",
      "name" : "ReligiousAffiliation",
      "title" : "Religious Affiliation",
      "description" : "Assigment of spiritual faith affiliation",
      "oids" : ["2.16.840.1.113883.5.1076"],
      "uses" : {
      },
      "http://terminology.hl7.org/5.2.0/ValueSet-v3-ReligiousAffiliation.html" : "ReligiousAffiliation"
    },
    {
      "url" : "urn:ietf:bcp:47",
      "version" : "2.0.1",
      "status" : "active",
      "name" : "Ietf3066",
      "title" : "Tags for the Identification of Languages",
      "description" : "Older value from OID registry.  Superceded; see recommendations in BCP-47.",
      "oids" : ["2.16.840.1.113883.6.121"],
      "uses" : {
      },
      "http://hl7.org/fhir/R4/valueset-languages.html" : "Common Languages"
    }
  ]
}
