{
  "resourceType" : "StructureDefinition",
  "id" : "d23ba79c-727d-4472-b098-6e44873fec9f-5",
  "url" : "http://hl7.org/fhir/comparison/StructureDefinition/d23ba79c-727d-4472-b098-6e44873fec9f-5",
  "name" : "UnioncsAndcs",
  "title" : "Union of cs: Coded Simple Value And cs: Coded Simple Value",
  "status" : "active",
  "date" : "2024-04-08T14:09:00+00:00",
  "snapshot" : {
    "element" : [{
      "path" : "code",
      "short" : "Primitive Type code",
      "definition" : "A string which has at least one character and no leading or trailing whitespace and where there is no whitespace other than single spaces in the contents",
      "min" : 0,
      "max" : "*",
      "constraint" : [{
        "key" : "ele-1",
        "severity" : "error",
        "human" : "All FHIR elements must have a @value or children",
        "expression" : "hasValue() or (children().count() > id.count())",
        "source" : "http://hl7.org/fhir/StructureDefinition/Element"
      },
      {
        "key" : "cs-pattern",
        "severity" : "error",
        "human" : "cs attributes must not contain any whitespace",
        "expression" : "matches('^[^\\\\s]+$')"
      }],
      "mustSupport" : false,
      "isModifier" : false,
      "isSummary" : false
    },
    {
      "path" : "code.id",
      "representation" : ["xmlAttr"],
      "short" : "xml:id (or equivalent in JSON)",
      "definition" : "unique id for the element within a resource (for internal references)",
      "min" : 0,
      "max" : "0",
      "type" : [{
        "extension" : [{
          "url" : "http://hl7.org/fhir/StructureDefinition/structuredefinition-fhir-type",
          "valueUrl" : "string"
        }],
        "code" : "http://hl7.org/fhirpath/System.String"
      }],
      "mustSupport" : false,
      "isModifier" : false,
      "isSummary" : false
    },
    {
      "path" : "code.extension",
      "short" : "Extension",
      "definition" : "An Extension",
      "min" : 0,
      "max" : "0",
      "type" : [{
        "code" : "Extension"
      }],
      "constraint" : [{
        "key" : "ele-1",
        "severity" : "error",
        "human" : "All FHIR elements must have a @value or children",
        "expression" : "hasValue() or (children().count() > id.count())",
        "source" : "http://hl7.org/fhir/StructureDefinition/Element"
      },
      {
        "key" : "ext-1",
        "severity" : "error",
        "human" : "Must have either extensions or value[x], not both",
        "expression" : "extension.exists() != value.exists()",
        "source" : "http://hl7.org/fhir/StructureDefinition/Extension"
      }],
      "mustSupport" : false,
      "isModifier" : false,
      "isSummary" : false
    },
    {
      "path" : "code.value",
      "representation" : ["xmlAttr"],
      "short" : "Primitive value for code",
      "definition" : "Primitive value for code",
      "min" : 0,
      "max" : "1",
      "type" : [{
        "extension" : [{
          "url" : "http://hl7.org/fhir/StructureDefinition/structuredefinition-fhir-type",
          "valueUrl" : "code"
        },
        {
          "url" : "http://hl7.org/fhir/StructureDefinition/regex",
          "valueString" : "[^\\s]+( [^\\s]+)*"
        }],
        "code" : "http://hl7.org/fhirpath/System.String"
      }],
      "mustSupport" : false,
      "isModifier" : false,
      "isSummary" : false
    }]
  }
}