{
  "resourceType" : "StructureDefinition",
  "id" : "d23ba79c-727d-4472-b098-6e44873fec9f-3",
  "url" : "http://hl7.org/fhir/comparison/StructureDefinition/d23ba79c-727d-4472-b098-6e44873fec9f-3",
  "name" : "IntersectionCDAPatientAndCDAPatient",
  "title" : "Intersection of CDAPatient And CDAPatient",
  "status" : "draft",
  "date" : "2024-04-08T14:09:00+00:00",
  "snapshot" : {
    "element" : [{
      "path" : "Patient",
      "short" : "Base for all types and resources",
      "definition" : "Defines the basic properties of every data value. This is an abstract type, meaning that no value can be just a data value without belonging to any concrete type. Every concrete type is a specialization of this general abstract DataValue type.",
      "min" : 1,
      "max" : "1",
      "mustSupport" : false,
      "isModifier" : false,
      "isSummary" : false,
      "mapping" : [{
        "identity" : "rim",
        "map" : "n/a"
      }]
    },
    {
      "path" : "Patient.nullFlavor",
      "representation" : ["xmlAttr"],
      "label" : "Exceptional Value Detail",
      "definition" : "If a value is an exceptional value (NULL-value), this specifies in what way and why proper information is missing.",
      "min" : 0,
      "max" : "1",
      "type" : [{
        "code" : "code",
        "profile" : ["http://hl7.org/cda/stds/core/StructureDefinition/cs-simple",
        "#sd-cs-simple-cs-simple"]
      }],
      "mustSupport" : false,
      "isModifier" : false,
      "isSummary" : false,
      "binding" : {
        "strength" : "required",
        "valueSet" : "http://hl7.org/cda/stds/core/ValueSet/CDANullFlavor"
      }
    },
    {
      "path" : "Patient.realmCode",
      "definition" : "When valued in an instance, this attribute signals the imposition of realm-specific constraints. The value of this attribute identifies the realm in question",
      "min" : 0,
      "max" : "*",
      "type" : [{
        "code" : "http://hl7.org/cda/stds/core/StructureDefinition/CS"
      }],
      "mustSupport" : false,
      "isModifier" : false,
      "isSummary" : false
    },
    {
      "path" : "Patient.typeId",
      "definition" : "When valued in an instance, this attribute signals the imposition of constraints defined in an HL7-specified message type. This might be a common type (also known as CMET in the messaging communication environment), or content included within a wrapper. The value of this attribute provides a unique identifier for the type in question.",
      "min" : 0,
      "max" : "1",
      "type" : [{
        "code" : "http://hl7.org/cda/stds/core/StructureDefinition/II"
      }],
      "mustSupport" : false,
      "isModifier" : false,
      "isSummary" : false
    },
    {
      "path" : "Patient.typeId.nullFlavor",
      "representation" : ["xmlAttr"],
      "label" : "Exceptional Value Detail",
      "definition" : "If a value is an exceptional value (NULL-value), this specifies in what way and why proper information is missing.",
      "min" : 0,
      "max" : "1",
      "type" : [{
        "code" : "code",
        "profile" : ["http://hl7.org/cda/stds/core/StructureDefinition/cs-simple",
        "#sd-cs-simple-cs-simple"]
      }],
      "mustSupport" : false,
      "isModifier" : false,
      "isSummary" : false,
      "binding" : {
        "strength" : "required",
        "valueSet" : "http://hl7.org/cda/stds/core/ValueSet/CDANullFlavor"
      }
    },
    {
      "path" : "Patient.typeId.assigningAuthorityName",
      "representation" : ["xmlAttr"],
      "label" : "Assigning Authority Name",
      "definition" : "A human readable name or mnemonic for the assigning authority. The Assigning Authority Name has no computational value. The purpose of a Assigning Authority Name is to assist an unaided human interpreter of an II value to interpret the authority. Note: no automated processing must depend on the assigning authority name to be present in any form.",
      "min" : 0,
      "max" : "1",
      "type" : [{
        "code" : "string",
        "profile" : ["http://hl7.org/cda/stds/core/StructureDefinition/st-simple",
        "#sd-st-simple-st-simple"]
      }],
      "mustSupport" : false,
      "isModifier" : false,
      "isSummary" : false
    },
    {
      "path" : "Patient.typeId.displayable",
      "representation" : ["xmlAttr"],
      "label" : "Displayable",
      "definition" : "Specifies if the identifier is intended for human display and data entry (displayable = true) as opposed to pure machine interoperation (displayable = false).",
      "min" : 0,
      "max" : "1",
      "type" : [{
        "code" : "boolean",
        "profile" : ["http://hl7.org/cda/stds/core/StructureDefinition/bl-simple",
        "#sd-bl-simple-bl-simple"]
      }],
      "mustSupport" : false,
      "isModifier" : false,
      "isSummary" : false
    },
    {
      "path" : "Patient.typeId.root",
      "representation" : ["xmlAttr"],
      "label" : "Root",
      "definition" : "Identifies the type as an HL7 Registered model",
      "min" : 1,
      "max" : "1",
      "type" : [{
        "code" : "string",
        "profile" : ["http://hl7.org/cda/stds/core/StructureDefinition/oid",
        "http://hl7.org/cda/stds/core/StructureDefinition/uuid",
        "http://hl7.org/cda/stds/core/StructureDefinition/ruid",
        "#sd-oid-oid"]
      }],
      "mustSupport" : false,
      "isModifier" : false,
      "isSummary" : false
    },
    {
      "path" : "Patient.typeId.extension",
      "representation" : ["xmlAttr"],
      "label" : "Extension",
      "definition" : "A character string as a unique identifier within the scope of the identifier root.",
      "min" : 1,
      "max" : "1",
      "type" : [{
        "code" : "string",
        "profile" : ["http://hl7.org/cda/stds/core/StructureDefinition/st-simple",
        "#sd-st-simple-st-simple"]
      }],
      "mustSupport" : false,
      "isModifier" : false,
      "isSummary" : false
    },
    {
      "path" : "Patient.templateId",
      "definition" : "When valued in an instance, this attribute signals the imposition of a set of template-defined constraints. The value of this attribute provides a unique identifier for the templates in question",
      "min" : 0,
      "max" : "*",
      "type" : [{
        "code" : "http://hl7.org/cda/stds/core/StructureDefinition/II"
      }],
      "mustSupport" : false,
      "isModifier" : false,
      "isSummary" : false
    },
    {
      "path" : "Patient.classCode",
      "representation" : ["xmlAttr"],
      "min" : 0,
      "max" : "1",
      "type" : [{
        "code" : "code",
        "profile" : ["http://hl7.org/cda/stds/core/StructureDefinition/cs-simple",
        "#sd-cs-simple-cs-simple"]
      }],
      "mustSupport" : false,
      "isModifier" : false,
      "isSummary" : false,
      "binding" : {
        "strength" : "required",
        "valueSet" : "http://terminology.hl7.org/ValueSet/v3-EntityClassLivingSubject"
      }
    },
    {
      "path" : "Patient.determinerCode",
      "representation" : ["xmlAttr"],
      "min" : 0,
      "max" : "1",
      "type" : [{
        "code" : "code",
        "profile" : ["http://hl7.org/cda/stds/core/StructureDefinition/cs-simple",
        "#sd-cs-simple-cs-simple"]
      }],
      "mustSupport" : false,
      "isModifier" : false,
      "isSummary" : false,
      "binding" : {
        "strength" : "required",
        "valueSet" : "http://terminology.hl7.org/ValueSet/v3-EntityDeterminer"
      }
    },
    {
      "path" : "Patient.id",
      "min" : 0,
      "max" : "1",
      "type" : [{
        "code" : "http://hl7.org/cda/stds/core/StructureDefinition/II"
      }],
      "mustSupport" : false,
      "isModifier" : false,
      "isSummary" : false
    },
    {
      "path" : "Patient.name",
      "min" : 0,
      "max" : "*",
      "type" : [{
        "code" : "http://hl7.org/cda/stds/core/StructureDefinition/PN"
      }],
      "mustSupport" : false,
      "isModifier" : false,
      "isSummary" : false
    },
    {
      "path" : "Patient.sdtcDesc",
      "definition" : "The desc extension allows multimedia depictions of patients, healthcare providers, or other individuals to be included in a CDA document.",
      "min" : 0,
      "max" : "1",
      "type" : [{
        "code" : "http://hl7.org/cda/stds/core/StructureDefinition/ED"
      }],
      "mustSupport" : false,
      "isModifier" : false,
      "isSummary" : false
    },
    {
      "path" : "Patient.administrativeGenderCode",
      "min" : 0,
      "max" : "1",
      "type" : [{
        "code" : "http://hl7.org/cda/stds/core/StructureDefinition/CE"
      }],
      "mustSupport" : false,
      "isModifier" : false,
      "isSummary" : false,
      "binding" : {
        "strength" : "example",
        "valueSet" : "http://terminology.hl7.org/ValueSet/v3-AdministrativeGender"
      }
    },
    {
      "path" : "Patient.birthTime",
      "min" : 1,
      "max" : "1",
      "type" : [{
        "code" : "http://hl7.org/cda/stds/core/StructureDefinition/TS"
      }],
      "mustSupport" : false,
      "isModifier" : false,
      "isSummary" : false
    },
    {
      "path" : "Patient.sdtcDeceasedInd",
      "min" : 0,
      "max" : "1",
      "type" : [{
        "code" : "http://hl7.org/cda/stds/core/StructureDefinition/BL"
      }],
      "mustSupport" : false,
      "isModifier" : false,
      "isSummary" : false
    },
    {
      "path" : "Patient.sdtcDeceasedTime",
      "min" : 0,
      "max" : "1",
      "type" : [{
        "code" : "http://hl7.org/cda/stds/core/StructureDefinition/TS"
      }],
      "mustSupport" : false,
      "isModifier" : false,
      "isSummary" : false
    },
    {
      "path" : "Patient.sdtcMultipleBirthInd",
      "min" : 0,
      "max" : "1",
      "type" : [{
        "code" : "http://hl7.org/cda/stds/core/StructureDefinition/BL"
      }],
      "mustSupport" : false,
      "isModifier" : false,
      "isSummary" : false
    },
    {
      "path" : "Patient.sdtcMultipleBirthOrderNumber",
      "min" : 0,
      "max" : "1",
      "type" : [{
        "code" : "http://hl7.org/cda/stds/core/StructureDefinition/INT-POS"
      }],
      "mustSupport" : false,
      "isModifier" : false,
      "isSummary" : false
    },
    {
      "path" : "Patient.maritalStatusCode",
      "min" : 0,
      "max" : "1",
      "type" : [{
        "code" : "http://hl7.org/cda/stds/core/StructureDefinition/CE"
      }],
      "mustSupport" : false,
      "isModifier" : false,
      "isSummary" : false,
      "binding" : {
        "strength" : "example",
        "valueSet" : "http://terminology.hl7.org/ValueSet/v3-MaritalStatus"
      }
    },
    {
      "path" : "Patient.religiousAffiliationCode",
      "min" : 0,
      "max" : "1",
      "type" : [{
        "code" : "http://hl7.org/cda/stds/core/StructureDefinition/CE"
      }],
      "mustSupport" : false,
      "isModifier" : false,
      "isSummary" : false,
      "binding" : {
        "strength" : "example",
        "valueSet" : "http://terminology.hl7.org/ValueSet/v3-ReligiousAffiliation"
      }
    },
    {
      "path" : "Patient.raceCode",
      "min" : 0,
      "max" : "1",
      "type" : [{
        "code" : "http://hl7.org/cda/stds/core/StructureDefinition/CE"
      }],
      "mustSupport" : false,
      "isModifier" : false,
      "isSummary" : false,
      "binding" : {
        "strength" : "example",
        "valueSet" : "http://terminology.hl7.org/ValueSet/v3-Race"
      }
    },
    {
      "path" : "Patient.sdtcRaceCode",
      "min" : 0,
      "max" : "*",
      "type" : [{
        "code" : "http://hl7.org/cda/stds/core/StructureDefinition/CE"
      }],
      "mustSupport" : false,
      "isModifier" : false,
      "isSummary" : false,
      "binding" : {
        "strength" : "example",
        "valueSet" : "http://terminology.hl7.org/ValueSet/v3-Race"
      }
    },
    {
      "path" : "Patient.ethnicGroupCode",
      "min" : 0,
      "max" : "1",
      "type" : [{
        "code" : "http://hl7.org/cda/stds/core/StructureDefinition/CE"
      }],
      "mustSupport" : false,
      "isModifier" : false,
      "isSummary" : false,
      "binding" : {
        "strength" : "example",
        "valueSet" : "http://terminology.hl7.org/ValueSet/v3-Ethnicity"
      }
    },
    {
      "path" : "Patient.sdtcEthnicGroupCode",
      "min" : 0,
      "max" : "*",
      "type" : [{
        "code" : "http://hl7.org/cda/stds/core/StructureDefinition/CE"
      }],
      "mustSupport" : false,
      "isModifier" : false,
      "isSummary" : false,
      "binding" : {
        "strength" : "example",
        "valueSet" : "http://terminology.hl7.org/ValueSet/v3-Ethnicity"
      }
    },
    {
      "path" : "Patient.guardian",
      "min" : 0,
      "max" : "*",
      "type" : [{
        "code" : "http://hl7.org/cda/stds/core/StructureDefinition/Guardian"
      }],
      "mustSupport" : false,
      "isModifier" : false,
      "isSummary" : false
    },
    {
      "path" : "Patient.birthplace",
      "min" : 0,
      "max" : "1",
      "type" : [{
        "code" : "http://hl7.org/cda/stds/core/StructureDefinition/Birthplace"
      }],
      "mustSupport" : false,
      "isModifier" : false,
      "isSummary" : false
    },
    {
      "path" : "Patient.languageCommunication",
      "min" : 0,
      "max" : "*",
      "type" : [{
        "code" : "http://hl7.org/cda/stds/core/StructureDefinition/LanguageCommunication"
      }],
      "mustSupport" : false,
      "isModifier" : false,
      "isSummary" : false
    }]
  }
}