{
  "resourceType" : "StructureDefinition",
  "id" : "8d55ebd9-de9d-4099-a1ce-aca09043f9a9-21",
  "url" : "http://hl7.org/fhir/comparison/StructureDefinition/8d55ebd9-de9d-4099-a1ce-aca09043f9a9-21",
  "name" : "IntersectionAddressAdditionalInformationAndAddressAdditionalInformation",
  "title" : "Intersection of Address Additional Information And Address Additional Information",
  "status" : "draft",
  "date" : "2024-04-05T08:48:18+00:00",
  "snapshot" : {
    "element" : [{
      "path" : "Extension",
      "short" : "Address Additional Information",
      "definition" : "HL7® Austria FHIR® Core Extension for the additional information part of the Austrian address.",
      "min" : 0,
      "max" : "*",
      "constraint" : [{
        "extension" : [{
          "url" : "http://hl7.org/fhir/4.0/StructureDefinition/extension-ElementDefinition.constraint.xpath",
          "valueString" : "@value|f:*|h:div"
        }],
        "key" : "ele-1",
        "severity" : "error",
        "human" : "All FHIR elements must have a @value or children",
        "expression" : "hasValue() or (children().count() > id.count())",
        "source" : "http://hl7.org/fhir/StructureDefinition/Element"
      },
      {
        "extension" : [{
          "url" : "http://hl7.org/fhir/4.0/StructureDefinition/extension-ElementDefinition.constraint.xpath",
          "valueString" : "exists(f:extension)!=exists(f:*[starts-with(local-name(.), 'value')])"
        }],
        "key" : "ext-1",
        "severity" : "error",
        "human" : "Must have either extensions or value[x], not both",
        "expression" : "extension.exists() != value.exists()",
        "source" : "http://hl7.org/fhir/StructureDefinition/Extension"
      }],
      "mustSupport" : false,
      "isModifier" : false,
      "isSummary" : false
    },
    {
      "path" : "Extension.id",
      "representation" : ["xmlAttr"],
      "short" : "Unique id for inter-element referencing",
      "definition" : "Unique id for the element within a resource (for internal references). This may be any string value that does not contain spaces.",
      "min" : 0,
      "max" : "1",
      "type" : [{
        "extension" : [{
          "url" : "http://hl7.org/fhir/StructureDefinition/structuredefinition-fhir-type",
          "valueUrl" : "string"
        }],
        "code" : "http://hl7.org/fhirpath/System.String"
      }],
      "mustSupport" : false,
      "isModifier" : false,
      "isSummary" : false,
      "mapping" : [{
        "identity" : "rim",
        "map" : "n/a"
      }]
    },
    {
      "path" : "Extension.extension",
      "short" : "Extension",
      "definition" : "An Extension",
      "min" : 0,
      "max" : "0",
      "type" : [{
        "code" : "Extension"
      }],
      "constraint" : [{
        "extension" : [{
          "url" : "http://hl7.org/fhir/4.0/StructureDefinition/extension-ElementDefinition.constraint.xpath",
          "valueString" : "@value|f:*|h:div"
        }],
        "key" : "ele-1",
        "severity" : "error",
        "human" : "All FHIR elements must have a @value or children",
        "expression" : "hasValue() or (children().count() > id.count())",
        "source" : "http://hl7.org/fhir/StructureDefinition/Element"
      },
      {
        "extension" : [{
          "url" : "http://hl7.org/fhir/4.0/StructureDefinition/extension-ElementDefinition.constraint.xpath",
          "valueString" : "exists(f:extension)!=exists(f:*[starts-with(local-name(.), \"value\")])"
        }],
        "key" : "ext-1",
        "severity" : "error",
        "human" : "Must have either extensions or value[x], not both",
        "expression" : "extension.exists() != value.exists()",
        "source" : "http://hl7.org/fhir/StructureDefinition/Extension"
      }],
      "mustSupport" : false,
      "isModifier" : false,
      "isSummary" : false
    },
    {
      "path" : "Extension.url",
      "representation" : ["xmlAttr"],
      "short" : "identifies the meaning of the extension",
      "definition" : "Source of the definition for the extension code - a logical name or a URL.",
      "comment" : "The definition may point directly to a computable or human-readable definition of the extensibility codes, or it may be a logical URI as declared in some other specification. The definition SHALL be a URI for the Structure Definition defining the extension.",
      "min" : 1,
      "max" : "1",
      "type" : [{
        "extension" : [{
          "url" : "http://hl7.org/fhir/StructureDefinition/structuredefinition-fhir-type",
          "valueUrl" : "uri"
        }],
        "code" : "http://hl7.org/fhirpath/System.String"
      }],
      "mustSupport" : false,
      "isModifier" : false,
      "isSummary" : false,
      "mapping" : [{
        "identity" : "rim",
        "map" : "N/A"
      }]
    },
    {
      "path" : "Extension.value[x]",
      "short" : "Value of extension",
      "definition" : "Value of extension - must be one of a constrained set of the data types (see [Extensibility] for a list).",
      "min" : 1,
      "max" : "1",
      "type" : [{
        "code" : "string"
      }],
      "constraint" : [{
        "extension" : [{
          "url" : "http://hl7.org/fhir/4.0/StructureDefinition/extension-ElementDefinition.constraint.xpath",
          "valueString" : "@value|f:*|h:div"
        }],
        "key" : "ele-1",
        "severity" : "error",
        "human" : "All FHIR elements must have a @value or children",
        "expression" : "hasValue() or (children().count() > id.count())",
        "source" : "http://hl7.org/fhir/StructureDefinition/Element"
      }],
      "mustSupport" : false,
      "isModifier" : false,
      "isSummary" : false,
      "mapping" : [{
        "identity" : "rim",
        "map" : "N/A"
      }]
    }]
  }
}