{
  "package": "elga.iv.hi",
  "version": "0.1.0",
  "fhirVersion": "4.0.1",
  "extensions": [
    {
      "url": "https://hi.iv.elga.gv.at//StructureDefinition/at-core-ext-address-additionalInformation",
      "title": "Address Additional Information",
      "types": [
        "string"
      ]
    },
    {
      "url": "https://hi.iv.elga.gv.at//StructureDefinition/at-core-ext-patient-religion",
      "title": "Patient Religion",
      "types": [
        "CodeableConcept",
        "string",
        "Extension",
        "Coding",
        "string",
        "Extension",
        "uri",
        "string",
        "code",
        "string",
        "boolean",
        "string",
        "Period",
        "base64Binary",
        "boolean",
        "canonical",
        "code",
        "date",
        "dateTime",
        "decimal",
        "id",
        "instant",
        "integer",
        "markdown",
        "oid",
        "positiveInt",
        "string",
        "time",
        "unsignedInt",
        "uri",
        "url",
        "uuid",
        "Address",
        "Age",
        "Annotation",
        "Attachment",
        "CodeableConcept",
        "Coding",
        "ContactPoint",
        "Count",
        "Distance",
        "Duration",
        "HumanName",
        "Identifier",
        "Money",
        "Period",
        "Quantity",
        "Range",
        "Ratio",
        "Reference",
        "SampledData",
        "Signature",
        "Timing",
        "ContactDetail",
        "Contributor",
        "DataRequirement",
        "Expression",
        "ParameterDefinition",
        "RelatedArtifact",
        "TriggerDefinition",
        "UsageContext",
        "Dosage",
        "Meta"
      ]
    }
  ],
  "profiles": {
    "Patient": [
      {
        "url": "https://hi.iv.elga.gv.at//StructureDefinition/at-core-patient",
        "title": "HL7® AT Core Patient Profile"
      }
    ]
  },
  "usage": {
    "http://hl7.org/fhir/StructureDefinition/elementdefinition-bestpractice": [
      "StructureDefinition.snapshot.element.constraint"
    ],
    "http://hl7.org/fhir/StructureDefinition/elementdefinition-bestpractice-explanation": [
      "StructureDefinition.snapshot.element.constraint"
    ],
    "http://hl7.org/fhir/StructureDefinition/elementdefinition-bindingName": [
      "StructureDefinition.snapshot.element.binding"
    ],
    "http://hl7.org/fhir/StructureDefinition/elementdefinition-maxValueSet": [
      "StructureDefinition.snapshot.element.binding"
    ],
    "http://hl7.org/fhir/StructureDefinition/elementdefinition-translatable": [
      "StructureDefinition.snapshot.element"
    ],
    "http://hl7.org/fhir/StructureDefinition/iso21090-ADXP-additionalLocator": [
      "Address.line",
      "Patient.address.line",
      "Patient.contact.address.line"
    ],
    "http://hl7.org/fhir/StructureDefinition/iso21090-ADXP-houseNumber": [
      "Address.line",
      "Patient.address.line",
      "Patient.contact.address.line"
    ],
    "http://hl7.org/fhir/StructureDefinition/iso21090-ADXP-streetName": [
      "Address.line",
      "Patient.address.line",
      "Patient.contact.address.line"
    ],
    "http://hl7.org/fhir/StructureDefinition/patient-citizenship": [
      "Patient"
    ],
    "http://hl7.org/fhir/StructureDefinition/regex": [
      "StructureDefinition.snapshot.element.type"
    ],
    "http://hl7.org/fhir/StructureDefinition/structuredefinition-fhir-type": [
      "StructureDefinition.snapshot.element.type"
    ],
    "http://hl7.org/fhir/StructureDefinition/structuredefinition-hierarchy": [
      "StructureDefinition.snapshot.element.type"
    ],
    "http://hl7.org/fhir/tools/StructureDefinition/ig-internal-dependency": [
      "ImplementationGuide.definition"
    ],
    "http://hl7.org/fhir/tools/StructureDefinition/ig-page-name": [
      "ImplementationGuide.definition.page",
      "ImplementationGuide.definition.page.page"
    ],
    "http://hl7.org/fhir/tools/StructureDefinition/ig-parameter": [
      "ImplementationGuide.definition"
    ],
    "http://hl7.org/fhir/tools/StructureDefinition/implementationguide-dependency-comment": [
      "ImplementationGuide.dependsOn"
    ],
    "http://hl7.org/fhir/tools/StructureDefinition/logical-container": [
      "StructureDefinition"
    ],
    "http://hl7.org/fhir/tools/StructureDefinition/logical-target": [
      "StructureDefinition"
    ],
    "http://hl7.org/fhir/tools/StructureDefinition/resource-information": [
      "ImplementationGuide.definition.resource"
    ],
    "http://hl7.org/fhir/tools/StructureDefinition/type-profile-style": [
      "StructureDefinition"
    ],
    "http://hl7.org/fhir/tools/StructureDefinition/xml-name": [
      "StructureDefinition",
      "StructureDefinition.snapshot.element"
    ],
    "http://hl7.org/fhir/tools/StructureDefinition/xml-namespace": [
      "StructureDefinition",
      "StructureDefinition.snapshot.element"
    ],
    "https://hi.iv.elga.gv.at//StructureDefinition/at-core-ext-address-additionalInformation": [
      "Address.line",
      "Patient.address.line",
      "Patient.contact.address.line"
    ],
    "https://hi.iv.elga.gv.at//StructureDefinition/at-core-ext-patient-religion": [
      "Patient"
    ]
  }
}