{
  "codeSystems" : [
    {
      "url" : "http://hl7.org/cda/stds/core/ValueSet/CDANullFlavor",
      "version" : "2.0.0-sd-snapshot1",
      "status" : "draft",
      "name" : "CDANullFlavor",
      "title" : "CDANullFlavor",
      "description" : "CDA NullFlavors - limited to values allowed in original CDA definition",
      "systems" : ["http://terminology.hl7.org/CodeSystem/v3-NullFlavor"],
      "uses" : {
      },
      "StructureDefinition-CDAPatient.html" : "CDAPatient"
    },
    {
      "url" : "http://hl7.org/fhir/ValueSet/address-type",
      "version" : "4.0.1",
      "status" : "active",
      "name" : "AddressType",
      "title" : "AddressType",
      "description" : "The type of an address (physical / postal).",
      "systems" : ["http://hl7.org/fhir/address-type"],
      "oids" : ["2.16.840.1.113883.4.642.3.69"],
      "sources" : ["2.16.840.1.113883.4.642.3.69"],
      "uses" : {
      },
      "StructureDefinition-at-core-patient.html" : "HL7® AT Core Patient Profile",
      "StructureDefinition-at-core-address.html" : "HL7® AT Core Address Profile"
    },
    {
      "url" : "http://hl7.org/fhir/ValueSet/address-use",
      "version" : "4.0.1",
      "status" : "active",
      "name" : "AddressUse",
      "title" : "AddressUse",
      "description" : "The use of an address.",
      "systems" : ["http://hl7.org/fhir/address-use"],
      "oids" : ["2.16.840.1.113883.4.642.3.67"],
      "sources" : ["2.16.840.1.113883.4.642.3.67"],
      "uses" : {
      },
      "StructureDefinition-at-core-patient.html" : "HL7® AT Core Patient Profile",
      "StructureDefinition-at-core-address.html" : "HL7® AT Core Address Profile"
    },
    {
      "url" : "http://hl7.org/fhir/ValueSet/administrative-gender",
      "version" : "4.0.1",
      "status" : "active",
      "name" : "AdministrativeGender",
      "title" : "AdministrativeGender",
      "description" : "The gender of a person used for administrative purposes.",
      "systems" : ["http://hl7.org/fhir/administrative-gender"],
      "oids" : ["2.16.840.1.113883.4.642.3.1"],
      "sources" : ["2.16.840.1.113883.4.642.3.1"],
      "uses" : {
      },
      "StructureDefinition-at-core-patient.html" : "HL7® AT Core Patient Profile",
      "StructureDefinition-PatientHI.html" : "Patienten-Stammdaten"
    },
    {
      "url" : "http://hl7.org/fhir/ValueSet/contact-point-system",
      "version" : "4.0.1",
      "status" : "active",
      "name" : "ContactPointSystem",
      "title" : "ContactPointSystem",
      "description" : "Telecommunications form for contact point.",
      "systems" : ["http://hl7.org/fhir/contact-point-system"],
      "oids" : ["2.16.840.1.113883.4.642.3.71"],
      "sources" : ["2.16.840.1.113883.4.642.3.71"],
      "uses" : {
      },
      "StructureDefinition-at-core-patient.html" : "HL7® AT Core Patient Profile"
    },
    {
      "url" : "http://hl7.org/fhir/ValueSet/contact-point-use",
      "version" : "4.0.1",
      "status" : "active",
      "name" : "ContactPointUse",
      "title" : "ContactPointUse",
      "description" : "Use of contact point.",
      "systems" : ["http://hl7.org/fhir/contact-point-use"],
      "oids" : ["2.16.840.1.113883.4.642.3.73"],
      "sources" : ["2.16.840.1.113883.4.642.3.73"],
      "uses" : {
      },
      "StructureDefinition-at-core-patient.html" : "HL7® AT Core Patient Profile"
    },
    {
      "url" : "http://hl7.org/fhir/ValueSet/identifier-use",
      "version" : "4.0.1",
      "status" : "active",
      "name" : "IdentifierUse",
      "title" : "IdentifierUse",
      "description" : "Identifies the purpose for this identifier, if known .",
      "systems" : ["http://hl7.org/fhir/identifier-use"],
      "oids" : ["2.16.840.1.113883.4.642.3.57"],
      "sources" : ["2.16.840.1.113883.4.642.3.57"],
      "uses" : {
      },
      "StructureDefinition-at-core-patient.html" : "HL7® AT Core Patient Profile"
    },
    {
      "url" : "http://hl7.org/fhir/ValueSet/languages",
      "version" : "4.0.1",
      "status" : "draft",
      "name" : "CommonLanguages",
      "title" : "Common Languages",
      "description" : "This value set includes common codes from BCP-47 (http://tools.ietf.org/html/bcp47)",
      "systems" : ["urn:ietf:bcp:47"],
      "oids" : ["2.16.840.1.113883.4.642.3.20"],
      "sources" : ["2.16.840.1.113883.4.642.3.20"],
      "uses" : {
      },
      "StructureDefinition-at-core-patient.html" : "HL7® AT Core Patient Profile"
    },
    {
      "url" : "http://hl7.org/fhir/ValueSet/link-type",
      "version" : "4.0.1",
      "status" : "active",
      "name" : "LinkType",
      "title" : "LinkType",
      "description" : "The type of link between this patient resource and another patient resource.",
      "systems" : ["http://hl7.org/fhir/link-type"],
      "oids" : ["2.16.840.1.113883.4.642.3.423"],
      "sources" : ["2.16.840.1.113883.4.642.3.423"],
      "uses" : {
      },
      "StructureDefinition-at-core-patient.html" : "HL7® AT Core Patient Profile"
    },
    {
      "url" : "http://hl7.org/fhir/ValueSet/marital-status",
      "version" : "4.0.1",
      "status" : "active",
      "name" : "Marital Status Codes",
      "title" : "MaritalStatus",
      "description" : "This value set defines the set of codes that can be used to indicate the marital status of a person.",
      "systems" : [
        "http://terminology.hl7.org/CodeSystem/v3-MaritalStatus",
        "http://terminology.hl7.org/CodeSystem/v3-NullFlavor"
      ],
      "oids" : ["2.16.840.1.113883.4.642.3.29"],
      "sources" : ["2.16.840.1.113883.4.642.3.29"],
      "uses" : {
      },
      "StructureDefinition-at-core-patient.html" : "HL7® AT Core Patient Profile"
    },
    {
      "url" : "http://hl7.org/fhir/ValueSet/name-use",
      "version" : "4.0.1",
      "status" : "active",
      "name" : "NameUse",
      "title" : "NameUse",
      "description" : "The use of a human name.",
      "systems" : ["http://hl7.org/fhir/name-use"],
      "oids" : ["2.16.840.1.113883.4.642.3.65"],
      "sources" : ["2.16.840.1.113883.4.642.3.65"],
      "uses" : {
      },
      "StructureDefinition-at-core-patient.html" : "HL7® AT Core Patient Profile"
    },
    {
      "url" : "http://hl7.org/fhir/ValueSet/patient-contactrelationship",
      "version" : "4.0.1",
      "status" : "active",
      "name" : "PatientContactRelationship",
      "title" : "Patient Contact Relationship ",
      "description" : "The nature of the relationship between the patient and the contact person.",
      "systems" : ["http://terminology.hl7.org/CodeSystem/v2-0131"],
      "oids" : ["2.16.840.1.113883.4.642.3.1130"],
      "sources" : ["2.16.840.1.113883.4.642.3.1130"],
      "uses" : {
      },
      "StructureDefinition-at-core-patient.html" : "HL7® AT Core Patient Profile"
    },
    {
      "url" : "http://hl7.org/fhir/ValueSet/resource-types",
      "version" : "4.0.1",
      "status" : "active",
      "name" : "ResourceType",
      "title" : "ResourceType",
      "description" : "One of the resource types defined as part of this version of FHIR.",
      "systems" : ["http://hl7.org/fhir/resource-types"],
      "oids" : ["2.16.840.1.113883.4.642.3.27"],
      "sources" : ["2.16.840.1.113883.4.642.3.27"],
      "uses" : {
      },
      "StructureDefinition-at-core-patient.html" : "HL7® AT Core Patient Profile"
    },
    {
      "url" : "http://terminology.hl7.org/ValueSet/v3-AdministrativeGender",
      "version" : "3.0.0",
      "status" : "active",
      "name" : "AdministrativeGender",
      "title" : "AdministrativeGender",
      "description" : "The gender of a person used for adminstrative purposes (as opposed to clinical gender)",
      "systems" : [
        "http://terminology.hl7.org/CodeSystem/v3-AdministrativeGender"
      ],
      "oids" : ["2.16.840.1.113883.1.11.1"],
      "sources" : ["2.16.840.1.113883.1.11.1"],
      "uses" : {
      },
      "StructureDefinition-CDAPatient.html" : "CDAPatient"
    },
    {
      "url" : "http://terminology.hl7.org/ValueSet/v3-EntityClassLivingSubject",
      "version" : "3.0.0",
      "status" : "active",
      "name" : "EntityClassLivingSubject",
      "title" : "EntityClassLivingSubject",
      "description" : "Anything that essentially has the property of life, independent of current state (a dead human corpse is still essentially a living subject.)",
      "systems" : ["http://terminology.hl7.org/CodeSystem/v3-EntityClass"],
      "oids" : ["2.16.840.1.113883.1.11.10884"],
      "sources" : ["2.16.840.1.113883.1.11.10884"],
      "uses" : {
      },
      "StructureDefinition-CDAPatient.html" : "CDAPatient"
    },
    {
      "url" : "http://terminology.hl7.org/ValueSet/v3-EntityCode",
      "version" : "0.3.0",
      "status" : "active",
      "name" : "EntityCode",
      "title" : "EntityCode",
      "description" : "A value representing the specific kind of Entity the instance represents.\r\n\r\n*Examples:* A medical building, a Doberman Pinscher, a blood collection tube, a tissue biopsy.\r\n\r\n*Rationale:* For each Entity, the value for this attribute is drawn from one of several coding systems depending on the Entity classCode, such as living subjects (animal and plant taxonomies), chemical substance (e.g., IUPAC code), organizations, insurance company, government agency, hospital, park, lake, syringe, etc. It is possible that Entity.code may be so fine grained that it represents a single instance. An example is the CDC vaccine manufacturer code, modeled as a concept vocabulary, when in fact each concept refers to a single instance.",
      "systems" : [
        "http://terminology.hl7.org/CodeSystem/v3-EntityCode",
        "urn:iso:std:iso:3166",
        "http://terminology.hl7.org/CodeSystem/v3-SpecimenType"
      ],
      "oids" : ["2.16.840.1.113883.1.11.16040"],
      "sources" : ["2.16.840.1.113883.1.11.16040"]
    },
    {
      "url" : "http://terminology.hl7.org/ValueSet/v3-EntityDeterminer",
      "version" : "3.0.0",
      "status" : "active",
      "name" : "EntityDeterminer",
      "title" : "EntityDeterminer",
      "description" : "EntityDeterminer in natural language grammar is the class of words that comprises articles, demonstrative pronouns, and quantifiers. In the RIM, determiner is a structural code in the Entity class to distinguish whether any given Entity object stands for some, any one, or a specific thing.",
      "systems" : ["http://terminology.hl7.org/CodeSystem/v3-EntityDeterminer"],
      "oids" : ["2.16.840.1.113883.1.11.10878"],
      "sources" : ["2.16.840.1.113883.1.11.10878"],
      "uses" : {
      },
      "StructureDefinition-CDAPatient.html" : "CDAPatient"
    },
    {
      "url" : "http://terminology.hl7.org/ValueSet/v3-Ethnicity",
      "version" : "3.0.0",
      "status" : "active",
      "name" : "Ethnicity",
      "title" : "Ethnicity",
      "description" : "In the United States, federal standards for classifying data on ethnicity determine the categories used by federal agencies and exert a strong influence on categorization by state and local agencies and private sector organizations. The federal standards do not conceptually define ethnicity, and they recognize the absence of an anthropological or scientific basis for ethnicity classification. Instead, the federal standards acknowledge that ethnicity is a social-political construct in which an individual's own identification with a particular ethnicity is preferred to observer identification. The standards specify two minimum ethnicity categories: Hispanic or Latino, and Not Hispanic or Latino. The standards define a Hispanic or Latino as a person of \"Mexican, Puerto Rican, Cuban, South or Central America, or other Spanish culture or origin, regardless of race.\" The standards stipulate that ethnicity data need not be limited to the two minimum categories, but any expansion must be collapsible to those categories. In addition, the standards stipulate that an individual can be Hispanic or Latino or can be Not Hispanic or Latino, but cannot be both.",
      "systems" : ["http://terminology.hl7.org/CodeSystem/v3-Ethnicity"],
      "oids" : ["2.16.840.1.113883.1.11.15836"],
      "sources" : ["2.16.840.1.113883.1.11.15836"],
      "uses" : {
      },
      "StructureDefinition-CDAPatient.html" : "CDAPatient"
    },
    {
      "url" : "http://terminology.hl7.org/ValueSet/v3-MaritalStatus",
      "version" : "3.0.0",
      "status" : "active",
      "name" : "MaritalStatus",
      "title" : "MaritalStatus",
      "description" : "The domestic partnership status of a person.\r\n\r\n*Example:*Married, separated, divorced, widowed, common-law marriage.",
      "systems" : ["http://terminology.hl7.org/CodeSystem/v3-MaritalStatus"],
      "oids" : ["2.16.840.1.113883.1.11.12212"],
      "sources" : ["2.16.840.1.113883.1.11.12212"],
      "uses" : {
      },
      "StructureDefinition-CDAPatient.html" : "CDAPatient"
    },
    {
      "url" : "http://terminology.hl7.org/ValueSet/v3-MaterialEntityClassType",
      "version" : "3.0.0",
      "status" : "active",
      "name" : "MaterialEntityClassType",
      "title" : "MaterialEntityClassType",
      "description" : "Types of Material for EntityClass \"MAT\"",
      "systems" : [
        "http://terminology.hl7.org/CodeSystem/v3-EntityCode",
        "http://terminology.hl7.org/CodeSystem/v3-SpecimenType"
      ],
      "oids" : ["2.16.840.1.113883.1.11.16041"],
      "sources" : ["2.16.840.1.113883.1.11.16041"],
      "uses" : {
      },
      "ValueSet-v3-EntityCode.html" : "EntityCode"
    },
    {
      "url" : "http://terminology.hl7.org/ValueSet/v3-OrganizationEntityType",
      "version" : "3.0.0",
      "status" : "active",
      "name" : "OrganizationEntityType",
      "title" : "OrganizationEntityType",
      "description" : "Further classifies entities of classCode ORG.",
      "systems" : ["http://terminology.hl7.org/CodeSystem/v3-EntityCode"],
      "oids" : ["2.16.840.1.113883.1.11.19608"],
      "sources" : ["2.16.840.1.113883.1.11.19608"],
      "uses" : {
      },
      "ValueSet-v3-EntityCode.html" : "EntityCode"
    },
    {
      "url" : "http://terminology.hl7.org/ValueSet/v3-PlaceEntityType",
      "version" : "3.0.0",
      "status" : "active",
      "name" : "PlaceEntityType",
      "title" : "PlaceEntityType",
      "description" : "Types of places for EntityClass \"PLC\"",
      "systems" : [
        "http://terminology.hl7.org/CodeSystem/v3-EntityCode",
        "urn:iso:std:iso:3166"
      ],
      "oids" : ["2.16.840.1.113883.1.11.16100"],
      "sources" : ["2.16.840.1.113883.1.11.16100"],
      "uses" : {
      },
      "ValueSet-v3-EntityCode.html" : "EntityCode"
    },
    {
      "url" : "http://terminology.hl7.org/ValueSet/v3-Race",
      "version" : "3.0.0",
      "status" : "active",
      "name" : "Race",
      "title" : "Race",
      "description" : "In the United States, federal standards for classifying data on race determine the categories used by federal agencies and exert a strong influence on categorization by state and local agencies and private sector organizations. The federal standards do not conceptually define race, and they recognize the absence of an anthropological or scientific basis for racial classification. Instead, the federal standards acknowledge that race is a social-political construct in which an individual's own identification with one more race categories is preferred to observer identification. The standards use a variety of features to define five minimum race categories. Among these features are descent from \"the original peoples\" of a specified region or nation. The minimum race categories are American Indian or Alaska Native, Asian, Black or African American, Native Hawaiian or Other Pacific Islander, and White. The federal standards stipulate that race data need not be limited to the five minimum categories, but any expansion must be collapsible to those categories.",
      "systems" : ["http://terminology.hl7.org/CodeSystem/v3-Race"],
      "oids" : ["2.16.840.1.113883.1.11.14914"],
      "sources" : ["2.16.840.1.113883.1.11.14914"],
      "uses" : {
      },
      "StructureDefinition-CDAPatient.html" : "CDAPatient"
    },
    {
      "url" : "http://terminology.hl7.org/ValueSet/v3-ReligiousAffiliation",
      "version" : "3.0.0",
      "status" : "active",
      "name" : "ReligiousAffiliation",
      "title" : "ReligiousAffiliation",
      "description" : "Assigment of spiritual faith affiliation",
      "systems" : [
        "http://terminology.hl7.org/CodeSystem/v3-ReligiousAffiliation"
      ],
      "oids" : ["2.16.840.1.113883.1.11.19185"],
      "sources" : ["2.16.840.1.113883.1.11.19185"],
      "uses" : {
      },
      "StructureDefinition-CDAPatient.html" : "CDAPatient"
    },
    {
      "url" : "http://terminology.hl7.org/ValueSet/v3-ResourceGroupEntityType",
      "version" : "3.0.0",
      "status" : "active",
      "name" : "ResourceGroupEntityType",
      "title" : "ResourceGroupEntityType",
      "description" : "Codes to characterize a Resource Group using categories that typify its membership and/or function\r\n\r\n.\r\n\r\n*Example:* PractitionerGroup",
      "systems" : ["http://terminology.hl7.org/CodeSystem/v3-EntityCode"],
      "oids" : ["2.16.840.1.113883.1.11.19652"],
      "sources" : ["2.16.840.1.113883.1.11.19652"],
      "uses" : {
      },
      "ValueSet-v3-EntityCode.html" : "EntityCode"
    },
    {
      "url" : "http://terminology.hl7.org/ValueSet/v3-xAdministeredSubstance",
      "version" : "3.0.0",
      "status" : "active",
      "name" : "XAdministeredSubstance",
      "title" : "x_AdministeredSubstance",
      "description" : "A type of Manufactured Material that is administered to a living subject, either by a healthcare professional or auto-administered, within a healthcare context.",
      "systems" : ["http://terminology.hl7.org/CodeSystem/v3-EntityCode"],
      "oids" : ["2.16.840.1.113883.1.11.19667"],
      "sources" : ["2.16.840.1.113883.1.11.19667"],
      "uses" : {
      },
      "ValueSet-v3-EntityCode.html" : "EntityCode"
    }
  ]
}
